Costo de marketing,Costo de produccion,Multiplex cubiertos,Ganancias,Duracion pelicula,Rating actor principal,Rating actriz principal,Rating director,Rating del productor,Ratig criticos,Visualizaciones trailer,Disponibilidad en 3D,Tiempo realizacion,Hashtags Twitter,Genero,Promedio edad actores,Numero multiplex,Coleccion
20.1264,59.62,0.462,36524.125,138.7,7.825,8.095,7.91,7.995,7.94,527367,SI,109.6,223.84,Terror,23,494,48000
20.5462,69.14,0.531,35668.655,152.4,7.505,7.65,7.44,7.47,7.44,494055,NO,146.64,243.456,Drama,42,462,43200
20.5458,69.14,0.531,39912.675,134.6,7.485,7.57,7.495,7.515,7.44,547051,NO,147.88,2022.4,Comedia,38,458,69400
20.6474,59.36,0.542,38873.89,119.3,6.895,7.035,6.92,7.02,8.26,516279,SI,185.36,225.344,Drama,45,472,66800
21.381,59.36,0.542,39701.585,127.7,6.92,7.07,6.815,7.07,8.26,531448,NO,176.48,225.792,Drama,55,395,72400
20.597,59.36,0.542,35718.65,132.2,6.89,7.1,6.885,7.005,7.26,498425,SI,143.48,284.592,Comedia,53,460,57400
21.7658,70.74,0.476,33396.66,140.1,7.065,7.265,7.15,7.4,8.96,459241,SI,139.16,243.664,Terror,41,522,45800
22.891,70.74,0.476,34285.46,169.6,6.98,7.075,6.875,7.17,7.96,400821,NO,116.84,243.536,Drama,56,571,44200
24.2248,70.74,0.476,31280.205,173.5,6.91,7.075,6.85,7,7.96,295168,SI,118.6,242.64,Comedia,55,564,33000
23.4008,70.74,0.476,33352.22,159.4,6.665,6.725,6.575,6.855,7.96,412012,SI,189.56,283.024,Terror,45,508,37800
24.4978,70.74,0.476,35424.235,167.8,6.675,6.845,6.725,7.06,8.96,369595,NO,120,222.4,Drama,29,578,30000
22.3494,70.74,0.476,33379.995,156.4,6.865,7.035,6.745,6.905,8.96,451646,NO,185.56,263.024,Accion,23,553,37800
21.8756,70.74,0.476,32713.395,112.5,7.12,7.43,7.21,7.335,8.96,407557,SI,110.68,203.472,Accion,57,575,43400
32.5952,71.28,0.462,33046.695,135.3,7.64,7.705,7.535,7.705,6.8,472490,SI,118.16,283.264,Comedia,39,535,40800
32.7592,71.28,0.462,33863.28,158,7.7,7.9,7.76,7.71,7.8,495311,NO,139.28,262.912,Comedia,49,599,36400
32.5478,71.28,0.462,32407.87,130,7.7,7.825,7.64,7.84,6.8,497626,SI,169.96,283.184,Terror,28,598,39800
41.0786,71.28,0.462,32968.925,102.8,7.67,7.805,7.74,7.785,7.8,532331,NO,109.24,203.696,Comedia,46,547,46200
35.684,71.28,0.462,33274.45,155.2,7.72,7.925,7.82,8.015,6.8,431225,NO,109,222.8,Drama,56,548,35000
36.0542,71.28,0.462,30308.08,110.1,8.1,8.24,8.07,8,6.8,448317,SI,170.08,243.232,Accion,41,543,40400
34.516,71.28,0.462,31813.485,143,8.01,8.175,8,8.215,7.8,463328,NO,171.28,242.912,Accion,27,578,36400
45.0358,71.28,0.462,30941.35,171.6,8.035,8.205,7.955,8.21,7.8,371051,SI,,302.176,Accion,44,484,27200
37.0408,71.28,0.462,33135.575,162.7,7.945,8.14,7.83,8.06,7.8,457361,SI,183.84,283.136,Comedia,23,541,39200
44.6494,71.28,0.462,34118.81,165.2,7.91,8.01,7.845,8.275,6.8,387496,SI,116.08,282.432,Terror,48,575,30400
39.7686,71.28,0.462,32291.215,173.5,7.825,8.01,7.935,8.04,7.8,365213,SI,149.8,262.32,Drama,29,527,29000
35.0052,71.28,0.462,32907.82,167.6,7.655,7.965,7.64,7.94,7.8,414145,SI,164.24,262.496,Drama,27,502,31200
36.8108,71.28,0.462,31102.445,159.2,7.655,7.835,7.64,7.96,7.8,422375,SI,187.56,262.224,Terror,35,516,27800
33.4382,71.28,0.462,32291.215,163.8,7.53,7.705,7.645,7.755,6.8,436807,NO,194.64,242.656,Drama,59,476,33200
39.1154,71.28,0.462,33591.085,162.3,7.75,7.8,7.7,7.845,6.8,406866,SI,173.92,262.368,Drama,20,488,29600
35.4598,71.28,0.462,36079.725,167.9,7.715,7.825,7.655,7.895,7.8,455480,SI,119.36,302.944,Terror,35,544,36800
40.049,71.28,0.462,37074.07,160.8,7.735,8.03,7.82,7.935,6.8,466851,NO,180.4,243.36,Terror,50,488,42000
42.6162,71.28,0.462,31735.715,167.6,7.74,7.91,7.815,8.07,6.8,350102,NO,197.08,242.032,Drama,34,586,25400
47.0944,71.28,0.462,33729.96,173.5,7.805,7.97,7.76,8.115,6.8,436306,SI,185.8,242.32,Comedia,23,523,29000
47.7598,71.28,0.462,33052.25,155.5,7.995,8.07,7.845,8.105,7.8,299587,NO,175.28,282.112,Terror,25,533,26400
43.0344,71.28,0.462,31669.055,168.5,8.1,8.165,8.02,8.14,7.8,394967,SI,167.24,302.096,Comedia,25,571,26200
52.2564,71.28,0.462,33863.28,170.4,7.965,8.17,8.065,8.28,6.8,377048,SI,193.4,222.16,Comedia,40,497,27000
21.2834,66.92,0.501,32957.815,141.7,8.155,8.365,8.23,8.53,7.16,475977,SI,189.56,223.024,Terror,43,530,37800
21.9488,66.92,0.501,32446.755,134.9,8.305,8.36,8.19,8.39,8.16,474433,NO,150,303.2,Comedia,39,454,40000
21.6028,66.92,0.501,32496.75,115,8.01,8.125,7.94,8.055,7.16,482433,SI,162.4,203.36,Terror,21,510,42000
23.501,66.92,0.501,33141.13,103.7,7.925,8.17,7.98,8.23,7.16,498052,SI,163.68,203.872,Terror,21,484,48400
20.5526,60.9,0.572,36635.225,95.3,7.175,7.325,7.225,7.475,8.34,553070,SI,138.32,244.928,Terror,49,451,61600
20.6718,60.9,0.572,39018.32,89.3,7.185,7.345,7.235,7.43,8.34,567784,SI,123.96,305.584,Terror,20,428,69800
22.5488,68.82,0.552,37607.35,76.4,7.115,7.14,7,7.3,7.42,512492,NO,154.64,264.256,Accion,30,495,53200
22.83,68.82,0.552,34268.795,80.1,7.035,7.27,7.06,7.19,7.42,526836,NO,162.12,304.048,Terror,52,419,50600
23.1872,68.82,0.552,34502.105,80,6.98,7.17,7.08,7.33,8.42,473146,SI,121.88,303.952,Terror,56,449,49400
22.4538,68.82,0.552,33713.295,113.5,7.095,7.245,7.05,7.165,8.42,471960,NO,180.48,243.392,Terror,53,400,42400
23.4284,68.82,0.552,31563.51,107.3,7.385,7.525,7.395,7.49,8.42,470466,NO,161.72,223.088,Terror,21,445,38600
23.7672,68.82,0.552,32141.23,106.8,7.375,7.5,7.3,7.625,8.42,445250,SI,186,243.2,Drama,39,455,40000
24.5854,68.82,0.552,33496.65,159,7.085,7.18,7.125,7.23,7.42,374797,SI,106.64,242.656,Terror,44,526,33200
25.0774,68.82,0.552,29991.445,168.8,7.01,7.16,7.02,7.07,8.42,264112,NO,141.76,282.304,Comedia,34,427,28800
24.3954,68.82,0.552,31119.11,135.5,6.945,7.05,6.85,6.98,7.42,422013,NO,119.76,263.104,Accion,45,507,38800
21.7746,66.28,0.561,33124.465,119.2,6.46,6.725,6.5,6.685,7.64,442225,SI,0,223.152,Terror,21,404,39400
20.8674,66.28,0.561,33968.825,136.5,6.48,6.63,6.46,6.795,8.64,502413,SI,140.2,223.28,Drama,30,473,41000
21.072,66.28,0.561,36168.605,94.6,6.49,6.62,6.44,6.815,8.64,504792,NO,198,284,Terror,56,462,50000
20.9962,66.28,0.561,33318.89,94.9,6.555,6.74,6.565,6.51,8.64,496877,NO,183.36,223.744,Terror,41,416,46800
20.272,63,0.59,32707.84,121.1,6.3,6.365,6.2,6.5,6.78,410055,SI,173.56,303.024,Comedia,55,387,37800
20.2622,57.44,0.597,40268.195,95.4,5.55,5.795,5.605,5.655,8.42,512329,SI,150.16,265.664,Terror,50,480,70800
20.411,56.48,0.59,35457.565,109.2,5.34,5.535,5.285,5.465,8.54,539589,SI,115.88,303.952,Drama,22,383,49400
20.2864,57.64,0.589,37862.88,114,5.685,5.86,5.815,5.99,8.98,512129,SI,148.64,305.056,Drama,45,426,63200
23.089,65.26,0.547,34135.475,102.7,6.01,6.115,5.965,6.28,7.06,480067,NO,,283.728,Comedia,22,438,46600
22.0656,65.26,0.547,32924.485,120.7,6.37,6.66,6.45,6.66,7.06,467075,SI,123.84,283.136,Comedia,20,460,39200
22.9864,65.26,0.547,31891.255,139.7,6.335,6.42,6.235,6.56,7.06,465689,NO,,222.992,Terror,30,439,37400
23.4342,65.26,0.547,33141.13,166.9,6.58,6.665,6.46,6.655,7.06,430178,NO,124.4,302.56,Terror,48,387,32000
22.2054,65.26,0.547,35863.08,141.3,6.225,6.46,6.285,6.58,7.06,525189,SI,116.88,203.552,Comedia,56,434,44400
22.53,65.26,0.547,37562.91,116.9,5.885,6.155,5.95,6.045,8.06,469499,SI,118,264,Accion,28,470,50000
20.3902,57.76,0.5839,39462.72,133,5.28,5.455,5.315,5.505,7.28,477265,SI,165.2,205.28,Accion,30,390,66000
20.7168,61.74,0.602,34940.95,91.3,6.69,6.785,6.575,6.725,8.78,545499,NO,189.4,243.76,Terror,20,375,47000
20.8758,61.74,0.602,32146.785,104.6,6.65,6.78,6.58,6.77,8.78,465605,NO,179.76,223.104,Accion,44,479,38800
21.1578,67.14,0.591,32652.29,94.9,6.68,6.8,6.74,6.785,8.22,493569,SI,142.8,263.52,Terror,29,406,44000
22.7108,67.14,0.591,31074.67,110.3,6.745,6.915,6.73,6.615,8.22,461313,NO,176.96,302.784,Terror,40,485,34800
22.5632,67.14,0.591,32691.175,106.5,6.725,6.805,6.7,6.77,7.22,499656,NO,166.36,223.344,Drama,56,384,41800
21.7652,76.62,0.587,35646.435,80.1,7.24,7.465,7.205,7.52,7.16,501152,SI,195.68,283.872,Terror,38,410,48400
23.1752,76.62,0.587,33113.355,91,7.28,7.4,7.29,7.455,8.16,491978,NO,200.68,263.472,Accion,46,400,43400
21.8328,76.62,0.587,33691.075,81.3,7.27,7.52,7.195,7.44,7.16,500290,NO,117.12,203.648,Terror,20,361,45600
23.9078,76.62,0.587,34690.975,79.7,7.32,7.385,7.25,7.47,8.16,493124,SI,119.36,243.744,Drama,45,434,46800
21.5792,80.66,0.563,34846.515,79.5,7.73,8.025,7.715,8.025,7.26,488560,NO,157.64,203.856,Terror,40,389,48200
21.9024,80.66,0.563,34918.73,118.5,7.585,7.75,7.585,8.07,8.26,496661,NO,120.56,203.424,Comedia,28,382,42800
22.0306,80.66,0.563,34879.845,148,7.835,8.14,7.87,8.05,8.26,478283,NO,146,243.2,Comedia,22,453,40000
21.7414,80.66,0.563,34107.7,119.3,7.84,7.97,7.87,8.14,7.26,490040,SI,118.32,223.328,Terror,57,419,41600
21.1292,80.66,0.563,34618.76,127.2,7.33,7.5,7.45,7.69,8.26,447528,SI,176.48,303.392,Drama,53,377,42400
21.6774,80.66,0.563,32630.07,110.1,7.735,7.885,7.59,7.785,8.26,467670,NO,128.12,303.248,Accion,37,472,40600
20.8226,64.72,0.574,37368.485,107,7.25,7.36,7.3,7.29,8.2,499995,SI,129.2,284.48,Drama,54,374,56000
20.8924,64.72,0.574,36768.545,143.9,7.145,7.445,7.145,7.46,7.2,510436,SI,111.56,243.824,Drama,49,501,47800
20.7318,64.72,0.574,35007.61,105.7,7.235,7.405,7.265,7.29,8.2,492574,NO,121.92,203.968,Terror,20,469,49600
20.7102,64.72,0.574,34257.685,120.2,7.24,7.41,7.165,7.385,7.2,485743,SI,151.16,203.664,Drama,34,405,45800
21.0118,63.98,0.551,35490.895,121.5,7.515,7.645,7.505,7.775,7.3,454277,NO,133.56,283.824,Drama,23,422,47800
21.147,63.98,0.551,36829.65,129.6,7.625,7.925,7.755,7.815,8.3,495454,NO,194.64,244.256,Terror,56,521,53200
21.0376,63.98,0.551,33413.325,118.6,7.69,7.92,7.755,7.78,7.3,436753,SI,119,223.6,Terror,50,472,45000
21.4302,63.98,0.551,34002.155,130.3,8.035,8.13,8.08,8.26,8.3,489563,SI,144.88,243.552,Comedia,43,510,44400
21.132,61.82,0.511,38923.885,159.8,8.25,8.455,8.28,8.175,8.44,509357,NO,139.44,203.776,Terror,28,456,47200
21.0604,61.82,0.511,39323.845,136.6,8.17,8.31,8.135,8.555,8.44,515362,SI,151.48,304.592,Comedia,31,478,57400
20.9368,61.82,0.511,35646.435,139.6,8.43,8.535,8.425,8.425,8.44,503147,SI,147.04,303.616,Drama,58,424,45200
20.7864,61.82,0.511,35579.775,147.4,8.42,8.525,8.295,8.575,7.44,496193,NO,164.8,263.52,Terror,23,451,44000
20.8406,85.08,0.536,35785.31,127.1,8.02,8.295,8.015,8.34,8.36,489837,NO,183.16,283.664,Drama,60,518,45800
20.575,85.08,0.536,34502.105,102.4,8.04,8.225,8.095,8.305,8.36,508101,NO,206,284,Accion,46,492,50000
20.8588,85.08,0.536,34713.195,150.8,8.095,8.33,8.04,8.305,8.36,468556,NO,114.24,263.296,Accion,54,465,41200
22.4408,60.78,0.555,36801.875,131.3,8.215,8.385,8.12,8.29,7.4,489220,NO,199.36,284.544,Terror,46,467,56800
22.3008,60.78,0.555,34235.465,143.1,8.21,8.325,8.23,8.245,8.4,467769,NO,204.56,243.424,Terror,21,463,42800
22.4166,60.78,0.555,44823.295,149.5,8.15,8.34,8.215,8.305,7.4,543618,SI,125.48,246.192,Terror,53,413,77400
21.6374,60.78,0.555,43440.1,110.4,8.23,8.29,8.2,8.285,7.4,544945,SI,217.52,207.008,Accion,25,512,87600
21.372,60.78,0.555,41195.88,136,8.085,8.32,8.165,8.435,8.4,484613,NO,131.28,265.312,Terror,31,510,66400
22.9732,72.12,0.48,37368.485,153.4,8.45,8.66,8.595,8.74,6.82,471052,SI,193,304.4,Drama,24,470,55000
22.2864,72.12,0.48,37668.455,144.8,8.425,8.63,8.44,8.79,7.82,491484,SI,144.6,204.24,Terror,58,445,53000
24.5752,72.12,0.48,35579.775,158.9,8.485,8.725,8.635,8.725,7.82,457364,NO,135.44,262.976,Accion,57,544,37200
24.2322,72.12,0.48,34091.035,160.9,8.515,8.79,8.56,8.71,7.82,443252,SI,137.72,283.088,Comedia,36,555,38600
22.792,72.12,0.48,34257.685,163.5,8.685,8.875,8.66,8.935,6.82,432081,SI,,203.216,Comedia,20,458,40200
22.6524,72.12,0.48,32502.305,170.2,8.905,9.025,8.935,8.925,6.82,430817,SI,,263.12,Comedia,57,515,39000
23.424,72.12,0.48,32418.98,165.4,8.815,8.965,8.76,9.04,6.82,405008,SI,205.8,283.12,Drama,20,482,39000
22.6234,72.12,0.48,34035.485,158.7,8.825,9.025,8.915,8.99,6.82,442160,SI,120.16,283.264,Accion,57,517,40800
22.5604,72.12,0.48,35963.07,170.6,8.64,8.91,8.73,8.85,7.82,473768,NO,171.92,203.168,Accion,48,502,39600
25.2726,72.12,0.48,34602.095,164.7,8.715,8.86,8.56,8.775,6.82,437611,SI,195.76,283.104,Comedia,41,555,38800
22.1586,72.12,0.48,34413.225,127.9,8.475,8.7,8.48,8.79,7.82,423752,SI,138.68,203.472,Comedia,37,453,43400
22.0168,75.02,0.453,37301.825,155.1,8.595,8.685,8.5,8.87,8.44,495560,SI,113.12,263.648,Terror,34,544,45600
22.4658,75.02,0.453,32846.715,166.4,8.725,8.885,8.72,8.965,7.44,394329,SI,0,303.008,Terror,35,577,37600
24.4424,75.02,0.453,33841.06,168.9,8.705,8.875,8.725,8.6,8.44,405200,SI,201.48,202.992,Terror,59,604,37400
22.8462,75.02,0.453,34740.97,157.7,8.73,8.93,8.855,8.975,8.44,446050,NO,133.4,242.96,Accion,39,570,37000
23.4268,75.02,0.453,32930.04,161.7,8.72,8.795,8.64,8.92,7.44,415458,NO,151.32,222.928,Comedia,24,539,36600
22.6316,75.02,0.453,34307.68,146,8.535,8.645,8.5,8.86,8.44,432696,NO,130.48,263.392,Comedia,23,528,42400
23.0196,75.02,0.453,33446.655,156.1,8.615,8.755,8.54,8.595,7.44,454755,NO,189.68,303.072,Accion,28,609,38400
22.6116,75.02,0.453,32618.96,146.6,8.6,8.865,8.69,8.89,7.44,410730,SI,160.16,283.264,Terror,40,566,40800
22.8952,75.02,0.453,31835.705,138.7,8.52,8.74,8.54,8.685,8.44,463019,SI,203.72,223.088,Terror,20,530,38600
21.3798,106.3,0.419,32607.85,143.2,8.8,8.92,8.735,9.03,7.18,455844,SI,156.8,203.52,Terror,23,570,44000
21.433,106.3,0.419,33352.22,157.6,8.78,9.02,8.815,8.99,8.18,454602,SI,194.12,203.248,Accion,39,568,40600
21.8598,106.3,0.419,33113.355,166.4,8.83,9.075,8.865,9.05,8.18,388265,SI,178.2,203.28,Comedia,51,608,41000
23.0076,106.3,0.419,32530.08,170.5,8.89,9.09,8.965,9.165,8.18,334417,SI,182.92,202.768,Drama,51,524,34600
21.9698,106.3,0.419,32657.845,169.3,8.895,9.13,8.9,9.06,8.18,395312,NO,125.52,263.008,Terror,56,622,37600
23.3804,106.3,0.419,33252.23,161.9,8.935,9.075,8.855,9.155,7.18,443766,SI,162.56,283.424,Drama,22,608,42800
27.747,106.3,0.419,31180.215,169.1,9.035,9.24,9.1,9.115,8.18,303828,NO,154.28,202.512,Drama,42,635,31400
25.183,98.78,0.376,31624.615,169.5,8.955,9.135,9.08,9.255,6.76,391198,SI,118.48,302.592,Comedia,31,567,32400
26.5086,98.78,0.376,35724.205,172.3,9.02,9.195,9.04,9.115,7.76,444896,NO,163.2,282.88,Comedia,41,564,36000
37.625,98.78,0.376,31313.535,168.2,8.85,9.06,8.95,9.175,6.76,406685,SI,157.72,202.288,Drama,30,581,28600
26.8012,98.78,0.376,35874.19,172.4,8.815,9.035,8.82,9.095,6.76,466796,SI,179.68,263.072,Comedia,25,663,38400
43.8588,98.78,0.376,35140.93,171.2,8.73,8.985,8.79,8.955,6.76,438063,SI,151.84,243.136,Comedia,29,559,39200
31.801,98.78,0.376,35396.46,171.4,8.795,8.92,8.8,8.83,6.76,456491,SI,179.2,243.68,Accion,57,550,46000
26.5964,98.78,0.376,32341.21,168.9,8.635,8.79,8.735,8.895,7.76,426316,SI,205.36,202.944,Accion,58,617,36800
39.5234,98.78,0.376,31980.135,171.9,8.825,8.86,8.735,8.885,6.76,402396,NO,180.24,222.496,Accion,32,646,31200
31.1556,98.78,0.376,35190.925,171.7,8.89,8.965,8.84,9.085,6.76,411162,SI,157.24,222.896,Terror,37,663,36200
26.4528,98.78,0.376,33007.81,167,8.87,9.08,8.91,9.205,6.76,394365,NO,202.96,202.784,Terror,37,622,34800
27.0466,98.78,0.376,35851.97,171.9,8.925,9.235,8.915,9.225,7.76,442884,SI,138.84,222.736,Comedia,40,674,34200
24.996,98.78,0.376,32535.635,171.7,9.055,9.295,9.08,9.235,6.76,380380,NO,161.32,282.128,Terror,39,593,26600
30.8904,98.78,0.376,34168.805,171.4,9.045,9.205,9.16,9.255,7.76,411330,SI,173.12,202.848,Drama,29,592,35600
25.818,98.78,0.376,34296.57,167.1,9.07,9.23,9.065,9.41,6.76,354960,NO,113.6,202.24,Drama,28,570,28000
52.5728,98.78,0.376,27880.545,173.5,9.185,9.34,9.145,9.45,7.76,233100,SI,199.76,242.304,Comedia,43,561,28800
86.421,94.16,0.129,30013.665,173.5,9.33,9.48,9.18,9.365,9.06,329378,SI,105.36,262.144,Terror,42,807,26800
101.948,94.16,0.129,30374.74,173.5,9.18,9.4,9.21,9.385,9.06,308802,SI,146.24,262.496,Comedia,25,793,31200
75.5948,94.16,0.129,27236.165,171.3,9.26,9.46,9.225,9.365,8.06,294970,SI,132.72,261.888,Terror,52,795,23600
67.5868,94.16,0.129,34052.15,173.5,9.155,9.37,9.14,9.495,8.06,305675,SI,155.52,202.208,Terror,59,846,27600
63.101,94.16,0.129,31263.54,173.5,9.09,9.255,9.155,9.47,8.06,399297,SI,112.24,202.496,Terror,32,760,31200
67.3724,94.16,0.129,27363.93,169.2,9.115,9.32,9.17,9.475,9.06,286266,NO,137.84,222.336,Comedia,24,800,29200
66.6198,94.16,0.129,28808.23,167.3,9.21,9.385,9.2,9.14,8.06,309356,NO,197.12,282.848,Drama,43,838,35600
74.6794,94.16,0.129,31091.335,168.4,9.12,9.39,9.205,9.24,8.06,347105,NO,202.16,302.464,Comedia,48,759,30800
53.132,94.16,0.129,34007.71,170.8,9.175,9.24,9.035,9.315,8.06,428936,NO,110.6,243.44,Terror,34,831,43000
49.9264,94.16,0.129,30019.22,173.5,9.07,9.27,9.115,9.365,8.06,466687,NO,129.84,223.136,Terror,42,754,39200
42.5316,94.16,0.129,27841.66,161.5,9.09,9.22,9.05,9.42,9.06,455196,SI,108.12,202.448,Comedia,46,851,30600
62.9836,94.16,0.129,31713.495,172,9.11,9.32,9.05,9.275,8.06,411772,NO,121.76,243.104,Comedia,58,840,38800
48.277,94.16,0.129,34046.595,169.5,9.115,9.265,9.015,9.11,9.06,440004,NO,148.8,302.72,Accion,48,806,34000
90.7002,94.16,0.129,34174.36,156.1,9.06,9.275,9.04,9.13,9.06,432078,NO,198.24,222.496,Terror,37,868,31200
68.9336,94.16,0.129,29285.96,167.5,9.005,9.145,9.075,9.305,8.06,426057,NO,127.24,202.096,Terror,60,749,26200
44.4716,94.16,0.395,38568.365,170.9,9.005,9.12,9.04,9.08,9.06,501350,SI,164.52,266.608,Comedia,57,549,82600
46.8568,94.16,0.395,33696.63,173.5,9.02,9.23,9.05,9.185,8.06,483363,NO,177.72,263.888,Terror,46,556,48600
48.5004,94.16,0.129,36163.05,173.5,9.08,9.155,9.01,9.22,9.06,475753,SI,143.32,243.728,Drama,36,765,46600
45.4692,94.16,0.395,34718.75,166.1,9.07,9.24,9.06,9.03,9.06,540041,SI,168.8,244.32,Drama,23,519,54000
49.2672,94.16,0.395,41601.395,164.3,8.915,9.055,8.935,9.155,8.06,539697,SI,210,228,Comedia,35,539,100000
56.6754,94.16,0.395,43340.11,171.7,8.87,9.12,8.945,8.98,8.06,531084,SI,168,248,Drama,22,557,100000
50.3804,94.16,0.395,46523.125,167.4,8.87,9.03,8.8,8.975,9.06,561132,SI,160,248,Terror,57,603,100000
64.8472,94.16,0.395,32518.97,165.3,8.645,8.805,8.755,8.95,9.06,467883,SI,167.08,303.632,Drama,56,659,45400
78.48,94.16,0.395,33891.055,166.5,8.815,8.86,8.705,9.055,8.06,471586,SI,200,244,Terror,22,533,50000
60.2038,94.16,0.395,44045.595,169.7,8.945,9.045,8.845,9.07,9.06,517904,SI,166,308,Terror,37,522,100000
56.0056,94.16,0.395,32646.735,152.7,8.655,8.895,8.71,8.89,8.06,468741,SI,201.52,203.808,Drama,22,549,47600
66.008,94.16,0.395,35102.045,169.6,8.855,8.98,8.88,9.085,8.06,473988,NO,133.52,223.808,Comedia,23,663,47600
68.9906,94.16,0.395,35563.11,168.7,8.85,8.94,8.835,8.85,8.06,449755,NO,110.92,303.568,Accion,22,536,44600
44.1484,94.16,0.395,32635.625,168.1,8.65,8.79,8.64,9.07,9.06,438703,NO,158.96,222.784,Drama,28,606,34800
66.278,94.16,0.395,32663.4,170.8,8.69,8.82,8.725,8.985,8.06,470298,NO,195.64,243.056,Terror,54,575,38200
22.7828,63.1,0.49,30952.46,162,8.65,8.73,8.635,8.79,7.68,415584,NO,187.24,243.696,Terror,38,530,46200
21.8356,63.1,0.49,35640.88,157.6,8.57,8.715,8.615,8.805,7.68,467457,SI,197.44,203.776,Comedia,59,540,47200
21.6894,63.1,0.49,32546.745,142.2,8.58,8.65,8.485,8.88,7.68,480435,SI,195.04,303.616,Terror,35,530,45200
21.3328,63.1,0.49,36363.03,106.6,8.39,8.545,8.395,8.41,7.68,500067,SI,123.76,244.704,Comedia,48,509,58800
21.4044,63.1,0.49,33441.1,120.7,8.125,8.295,8.11,8.36,7.68,491916,SI,171.28,303.712,Drama,49,520,46400
21.085,63.1,0.49,35079.825,146.9,8.325,8.36,8.295,8.38,8.68,487150,SI,141.84,283.936,Drama,31,474,49200
21.3284,63.1,0.49,38107.3,147.9,8.405,8.625,8.395,8.75,7.68,513390,NO,117.96,224.784,Comedia,28,548,59800
21.156,59.92,0.512,38773.9,131.9,8.445,8.725,8.58,8.59,8.44,505742,NO,194.88,225.952,Drama,50,456,74400
21.3176,59.92,0.512,43134.575,156.8,8.51,8.67,8.52,8.82,7.44,515276,SI,169.92,286.368,Accion,60,466,79600
21.3776,59.92,0.512,34129.92,135.7,8.655,8.805,8.605,8.74,7.44,461876,SI,132.48,305.792,Terror,59,561,72400
21.8206,59.92,0.512,39746.025,165.7,8.64,8.675,8.54,8.75,7.44,549262,SI,185.16,306.064,Terror,56,430,75800
22.0016,59.92,0.512,36457.465,169.1,8.48,8.665,8.545,8.62,8.44,493498,SI,147,285.2,Drama,60,451,65000
21.6616,59.92,0.512,31130.22,163.3,8.47,8.58,8.425,8.545,8.44,440780,SI,198.56,204.224,Drama,27,467,52800
21.2094,59.92,0.512,34179.915,142.3,8.285,8.475,8.25,8.43,7.44,463628,SI,163.84,224.736,Drama,45,466,59200
21.1204,59.92,0.512,43501.205,127.1,8.275,8.405,8.245,8.675,8.44,511949,SI,120,268,Drama,35,458,100000
21.575,61.88,0.563,37674.01,114.6,8.095,8.15,8.065,8.115,7.96,480787,SI,156.8,265.12,Terror,23,423,64000
22.5158,61.88,0.563,36418.58,102.6,7.69,7.86,7.66,7.655,8.96,537380,SI,151.92,204.768,Terror,40,460,59600
21.674,61.88,0.563,39912.675,112.4,7.585,7.785,7.66,7.835,8.96,520707,NO,185.96,285.584,Terror,20,464,69800
21.8136,61.88,0.563,38612.805,95,6.73,6.82,6.645,6.845,8.96,512163,NO,123.2,225.28,Comedia,55,510,66000
21.3822,61.88,0.563,37435.145,104.3,6.645,6.79,6.63,6.975,7.96,507193,NO,176.2,224.88,Comedia,40,384,61000
21.7328,61.88,0.563,39873.79,99.8,6.62,6.83,6.7,6.895,7.96,515199,SI,210.56,225.824,Drama,40,448,72800
20.4374,60.86,0.599,37774,83.4,6.77,6.935,6.775,7.08,7.88,503965,NO,136.44,264.976,Terror,24,412,62200
20.2878,60.86,0.599,36685.22,92.3,6.745,6.985,6.77,7.06,8.88,525053,NO,185.64,284.656,Terror,59,489,58200
20.2762,55.92,0.578,43745.625,105.5,7.095,7.235,7.12,7.25,9.12,546519,SI,164,288,Terror,26,430,100000
20.8022,58.04,0.596,40479.285,107.6,6.21,6.4,6.245,6.525,8.48,549247,SI,145.32,305.328,Accion,20,367,66600
20.9332,58.04,0.596,39479.385,110.1,6.18,6.49,6.3,6.41,8.48,511537,SI,138.12,284.848,Accion,24,401,60600
20.7536,58.04,0.596,40407.07,111.8,6.235,6.39,6.27,6.485,8.48,519868,NO,203.84,285.536,Drama,43,412,69200
20.63,57.94,0.597,38746.125,88.8,6.015,6.24,6.11,6.33,8.6,536549,SI,159.96,265.584,Comedia,24,413,69800
20.3556,57.94,0.597,39634.925,87.4,6.105,6.185,6.015,6.39,7.6,535003,NO,119.16,205.264,Drama,22,465,65800
20.689,59.06,0.585,34229.91,111.9,6.8,6.965,6.8,6.89,8.06,501886,SI,155.64,243.856,Terror,32,415,48200
20.4354,59.06,0.585,42273.55,89.2,6.825,6.955,6.735,6.95,9.06,554735,NO,210.92,286.768,Accion,30,459,84600
20.702,60.36,0.5839,43623.415,106.7,7.315,7.485,7.35,7.615,9.06,546954,NO,175.4,227.76,Comedia,22,410,97000
20.4018,60.36,0.5839,44628.87,105.4,7.295,7.6,7.36,7.505,8.06,517393,SI,178,308,Terror,51,442,100000
22.7284,76.18,0.511,32724.505,95.8,7.88,8.19,7.945,8.09,8.28,456271,SI,159.04,303.616,Terror,26,563,45200
24.5938,76.18,0.511,35140.93,126,7.685,7.88,7.765,7.955,7.28,444948,SI,133.76,223.904,Terror,52,511,48800
25.0398,76.18,0.511,32124.565,146.2,7.68,7.875,7.7,8.04,8.28,378970,SI,159,203.6,Comedia,38,519,45000
22.7174,76.18,0.511,33685.52,132.6,7.85,8.005,7.725,7.94,7.28,418851,SI,137.76,283.904,Comedia,31,447,48800
28.7142,76.18,0.511,29685.92,173.5,8.025,8.07,7.93,8.225,7.28,367698,NO,158,263.2,Comedia,60,562,40000
23.4892,76.18,0.511,33107.8,165.6,8.045,8.185,8.02,8,8.28,402133,SI,160.68,243.472,Comedia,36,446,43400
27.5156,76.18,0.511,30019.22,162.1,8.005,8.295,8.1,8.27,7.28,347413,NO,119.72,283.088,Terror,39,489,38600
24.3438,76.18,0.511,32257.885,127.3,8.17,8.21,8.1,8.215,8.28,414813,SI,136.96,263.584,Terror,20,527,44800
22.8104,76.18,0.511,35413.125,105.8,7.945,8.04,7.91,8.215,7.28,504226,SI,151.24,204.496,Comedia,3,441,56200
25.791,76.18,0.511,30063.66,83.3,8.16,8.26,8.165,8.235,8.28,298989,SI,113.48,223.792,Comedia,21,562,47400
23.9604,76.18,0.511,34341.01,115.9,7.925,8.095,8.02,8.065,7.28,456943,SI,,244,Drama,30,480,50000
20.912,82.78,0.45,32707.84,129.5,8.28,8.515,8.285,8.695,8.72,429010,SI,109.32,243.728,Accion,22,617,46600
21.4026,82.78,0.45,36896.31,158.6,8.24,8.405,8.155,8.36,7.72,461695,NO,185.48,284.592,Comedia,23,487,57400
22.2138,82.78,0.45,33057.805,167.3,8.54,8.56,8.46,8.66,7.72,411880,SI,174.6,283.44,Comedia,49,481,43000
22.285,82.78,0.45,35402.015,165.9,8.175,8.375,8.315,8.405,8.72,451935,SI,123.2,263.68,Comedia,21,561,46000
27.1618,67.4,0.493,38612.805,162,8.485,8.64,8.485,8.67,8.52,480270,NO,174.68,224.272,Terror,23,536,53400
28.1542,67.4,0.493,34241.02,164.8,8.345,8.48,8.42,8.66,8.52,369907,SI,114.68,283.472,Comedia,37,574,43400
32.4712,67.4,0.493,38212.845,151.2,8.295,8.395,8.31,8.455,7.52,470809,SI,189,244.4,Accion,50,469,55000
32.294,67.4,0.493,36762.99,154.3,8.25,8.4,8.23,8.58,7.52,489836,SI,194.04,244.816,Terror,39,491,60200
26.3066,67.4,0.496,45917.63,151.8,8.52,8.635,8.435,8.62,8.52,549160,SI,135.92,247.168,Drama,47,570,89600
30.5386,67.4,0.496,48467.375,156.5,8.435,8.695,8.525,8.56,7.52,521198,SI,150,268,Terror,20,570,100000
27.6428,67.4,0.496,44662.2,160,8.255,8.52,8.345,8.45,7.52,560909,SI,119.04,206.016,Accion,54,532,75200
28.2476,67.4,0.496,39790.465,153.4,8.345,8.44,8.36,8.42,7.52,506523,NO,126.64,205.056,Terror,34,541,63200
25.9638,67.4,0.496,42695.73,90.5,8.225,8.35,8.195,8.475,8.52,547397,SI,202.68,287.472,Drama,43,550,93400
28.8356,67.4,0.496,36396.36,94.9,8.22,8.36,8.29,8.385,8.52,561219,SI,146.6,305.04,Comedia,47,444,63000
30.74,67.4,0.496,33224.455,141.6,8.015,8.31,8.06,8.265,8.52,480986,NO,165.72,203.888,Comedia,59,467,48600
29.2592,67.4,0.496,41173.66,150.4,8.06,8.33,8.065,8.2,7.52,540602,SI,134.68,205.072,Comedia,26,540,63400
31.5058,67.4,0.493,46312.035,146.8,7.97,8.09,8.05,8.21,7.52,545730,SI,132.68,226.672,Terror,28,574,83400
26.6294,67.4,0.493,45812.085,143.9,8.09,8.255,8.13,8.225,7.52,529841,SI,181.32,227.728,Comedia,23,504,96600
28.9582,67.4,0.493,37362.93,140,8.165,8.31,8.015,8.205,8.52,514773,SI,197.6,264.64,Terror,32,441,58000
26.609,67.4,0.493,33807.73,135,8.045,8.305,8.095,8.255,8.52,471552,SI,183.6,283.84,Comedia,57,525,48000
30.4116,67.4,0.493,36835.205,150,7.77,8.05,7.9,7.985,7.52,502128,SI,188.04,304.016,Accion,36,464,50200
30.2366,67.4,0.493,40873.69,145.1,7.88,8.09,7.835,7.9,7.52,533135,SI,210.6,245.04,Terror,34,562,63000
21.6488,64.86,0.572,36001.955,92,6.87,6.94,6.775,7.035,8.68,523902,SI,147.48,243.792,Accion,48,491,47400
21.8504,64.86,0.572,36696.33,115.7,6.875,6.945,6.795,7.005,7.68,507617,NO,111.32,303.728,Accion,51,413,46600
22.2658,64.86,0.572,38312.835,127.8,6.755,6.935,6.8,6.84,8.68,470107,SI,204.8,224.32,Comedia,24,387,54000
22.1224,64.86,0.572,33857.725,138.6,6.785,6.96,6.685,6.9,7.68,462958,NO,166.04,263.216,Comedia,41,397,40200
22.058,64.86,0.572,35318.69,126.4,6.445,6.595,6.405,6.485,8.68,479264,SI,120.88,203.552,Terror,42,412,44400
22.5514,64.86,0.572,35513.115,81.3,6.47,6.515,6.435,6.505,7.68,537248,SI,147.48,303.792,Terror,26,481,47400
24.1216,66.72,0.569,31069.115,150,5.925,6.19,5.94,6.035,8.18,458708,NO,125.04,242.816,Comedia,42,412,35200
23.8266,66.72,0.569,31135.775,143.7,5.86,6.085,5.86,6.285,8.18,405929,SI,185.4,202.96,Comedia,59,438,37000
26.7966,66.72,0.569,33929.94,108.4,5.815,6.11,5.81,6.155,8.18,465288,SI,141.72,223.888,Comedia,25,489,48600
23.9314,66.72,0.569,34585.43,152.7,5.915,6.005,5.85,6.12,7.18,484343,NO,196.2,243.28,Terror,31,466,41000
23.2878,66.72,0.569,35735.315,122.6,5.975,6.13,6.055,6.185,7.18,504043,SI,167.8,303.92,Terror,43,494,49000
23.8146,66.72,0.569,37318.49,91,5.96,6.2,5.96,6.23,8.18,531248,SI,186.48,224.192,Comedia,39,443,52400
22.806,66.72,0.569,36035.285,86.5,6.25,6.34,6.185,6.43,7.18,522769,SI,123.76,283.904,Terror,38,389,48800
24.2818,66.72,0.569,35763.09,82.4,6.285,6.41,6.295,6.215,7.18,548870,NO,205.92,243.968,Drama,50,469,49600
21.6442,66.72,0.569,38646.135,80.3,5.41,5.575,5.45,5.755,7.18,534094,NO,179.84,244.736,Accion,57,396,59200
27.3788,66.72,0.569,45878.745,81.9,5.485,5.555,5.465,5.68,7.18,518247,NO,217.12,266.848,Terror,53,509,85600
20.9638,62.28,0.608,33929.94,105.5,5.305,5.495,5.345,5.42,7.72,528690,NO,130.76,243.504,Terror,56,370,43800
20.7096,62.28,0.608,32641.18,92.6,5.385,5.445,5.26,5.47,7.72,459998,NO,156.36,303.344,Comedia,31,438,41800
20.3076,62.5,0.606,41406.97,107.7,6.67,6.985,6.665,7.01,8.82,524356,NO,133.6,267.04,Terror,38,422,88000
32.2308,62.94,0.353,48350.72,160.4,8.955,9.235,9.085,9.12,9.4,530690,SI,172,228,Terror,54,552,100000
33.2702,62.94,0.353,40734.815,173.5,8.9,9.13,8.99,9.195,8.4,477252,SI,160.4,305.76,Terror,58,601,72000
33.133,62.94,0.353,38007.31,173.5,8.9,9.09,8.84,9.145,8.4,483741,SI,146.04,224.816,Terror,40,599,60200
30.8022,62.94,0.353,40012.665,155.3,8.94,9.025,8.815,8.995,9.4,483080,SI,,225.408,Drama,21,681,67600
30.6824,62.94,0.353,41773.6,162.9,8.8,9,8.925,9,9.4,526451,SI,133.24,226.896,Accion,24,651,86200
30.4028,62.94,0.353,46650.89,165,8.725,8.98,8.805,8.915,8.4,511151,SI,201.52,307.808,Terror,24,552,97600
36.5052,62.94,0.353,40701.485,168,8.795,8.99,8.895,9.16,8.4,450060,SI,114.4,224.96,Comedia,60,555,62000
31.0014,62.94,0.353,40029.33,165.1,9.02,9.045,8.89,9.185,8.4,503379,SI,170.6,285.84,Terror,36,588,73000
35.2324,62.94,0.353,30885.8,136.3,8.95,9.015,8.97,9.095,8.4,458883,NO,149.12,263.648,Comedia,59,589,45600
35.714,62.94,0.353,38962.77,158.1,8.89,9.07,8.82,8.955,9.4,440617,NO,122.28,204.912,Terror,41,578,61400
31.5668,62.94,0.425,46089.835,140.5,8.7,8.935,8.785,8.74,9.4,495431,SI,160,308,Comedia,42,633,100000
30.81,62.94,0.425,41495.85,126.1,8.415,8.69,8.51,8.645,9.4,558567,NO,181.4,306.96,Drama,43,504,87000
21.813,68.92,0.536,32885.6,135,7.89,8.185,8.015,8.075,8.28,442828,NO,208.28,283.312,Accion,29,524,41400
25.9832,68.92,0.536,32530.08,115.6,7.67,7.895,7.745,7.83,7.28,448615,SI,124.44,303.376,Comedia,27,466,42200
23.2422,68.92,0.536,34663.2,89.8,7.72,7.815,7.655,7.95,7.28,527157,NO,132.08,204.032,Terror,25,434,50400
22.292,68.92,0.536,36318.59,132.2,7.995,8.185,7.94,8.045,7.28,502420,SI,169.76,263.904,Terror,40,440,48800
24.4376,68.92,0.536,42723.505,125.3,7.735,7.95,7.76,7.82,8.28,522502,SI,120.08,205.632,Terror,39,425,70400
21.1288,67.82,0.553,37540.69,106.4,7.9,8.01,7.81,8.12,8.48,510207,NO,212.96,245.184,Terror,30,426,64800
21.9208,67.82,0.553,38073.97,116.3,7.86,7.95,7.73,7.925,8.48,532339,SI,176.8,245.12,Terror,23,385,64000
22.0938,67.82,0.553,40368.185,122.5,7.53,7.66,7.515,7.72,7.48,490028,NO,171.28,225.312,Drama,35,424,66400
21.2254,67.82,0.553,37918.43,101.1,7.43,7.58,7.54,7.725,7.48,516911,NO,125.24,225.296,Terror,21,417,66200
21.5956,67.82,0.553,36007.51,105.6,7.89,7.96,7.8,8.075,8.48,504442,SI,125.64,204.656,Terror,38,478,58200
24.2076,61.66,0.5571,37840.66,105.7,7.825,8.04,7.89,8.045,9.02,504458,NO,192.04,245.616,Drama,26,513,70200
20.7156,61.66,0.5571,43440.1,138,7.51,7.665,7.58,7.855,9.02,538611,NO,142.16,207.264,Comedia,50,420,90800
20.741,61.66,0.5571,38707.24,110.7,7.225,7.54,7.215,7.53,9.02,546620,SI,170.16,285.664,Comedia,48,422,70800
21.2258,61.66,0.5571,42467.975,123.2,7.27,7.53,7.285,7.495,8.02,524593,SI,174.4,247.36,Drama,25,512,92000
20.3002,57.42,0.599,44012.265,98.3,6.925,7.08,7.015,7.21,9.28,564706,SI,174,268,Drama,20,489,100000
20.1812,60.94,0.6,39373.84,94.3,6.28,6.5,6.18,6.425,7.94,489220,SI,156.88,245.152,Accion,30,424,64400
20.2192,59.5,0.611,35846.415,105.4,6.335,6.445,6.26,6.345,7.94,511643,SI,208.8,283.52,Comedia,55,347,44000
20.393,58.52,0.615,34607.65,105,5.395,5.54,5.295,5.595,8.36,449001,SI,166.04,203.216,Comedia,39,333,40200
20.7742,65.64,0.595,34490.995,104.8,6.275,6.4,6.21,6.475,7.68,514434,SI,199.28,283.712,Drama,60,433,46400
20.918,65.64,0.595,35079.825,119.1,6.185,6.48,6.27,6.43,7.68,498744,NO,116.92,243.568,Terror,22,349,44600
20.8594,65.64,0.595,36468.575,96.4,6.335,6.505,6.275,6.25,8.68,459056,NO,181.92,283.968,Comedia,60,411,49600
20.7004,64.9,0.589,38112.855,101.4,7.39,7.59,7.42,7.365,7.16,566644,SI,161.4,224.56,Terror,53,397,57000
21.5772,64.9,0.589,39707.14,101.2,7.44,7.515,7.295,7.515,8.16,542840,SI,162.92,205.968,Comedia,37,475,74600
20.723,64.9,0.589,36829.65,96.9,7.375,7.48,7.315,7.595,8.16,529498,NO,169.16,244.464,Terror,37,390,55800
21.653,82.84,0.563,34035.485,91.9,7.12,7.305,7.165,7.4,7.8,486691,SI,145.56,283.824,Terror,46,485,47800
21.6398,82.84,0.563,33379.995,115.8,7.23,7.265,7.22,7.28,7.8,481269,NO,176.68,223.472,Drama,23,386,43400
22.5864,82.84,0.563,37096.29,104.6,6.9,7.135,6.965,7.08,8.8,534560,SI,139.44,204.576,Terror,44,421,57200
21.0744,82.84,0.563,36379.695,124.5,6.89,7.125,6.865,7.195,7.8,479856,NO,208.84,204.336,Comedia,26,454,54200
22.8206,82.84,0.563,32163.45,131.5,6.72,6.85,6.825,6.965,7.8,405787,SI,152.12,223.248,Comedia,42,521,40600
21.2932,59.48,0.6,35246.475,93.6,6,6.165,5.985,6.195,9.04,517172,NO,189,263.6,Drama,48,369,45000
21.1122,59.48,0.6,39112.755,83.5,6.08,6.095,5.945,6.22,8.04,524749,SI,159.6,224.64,Drama,36,414,58000
20.8834,59.48,0.6,38168.405,120.9,5.955,6.16,6.055,6.175,9.04,503113,SI,181.92,223.968,Terror,29,429,49600
20.7074,67.18,0.567,36607.45,113.9,7.185,7.4,7.25,7.175,8.78,456975,SI,198.8,243.52,Terror,21,372,44000
21.8532,67.18,0.567,36079.725,91.9,7.1,7.4,7.16,7.36,8.78,495797,SI,158.56,224.224,Accion,42,373,52800
22,67.18,0.567,38785.01,91.2,7.095,7.32,7.245,7.355,8.78,546989,NO,165.24,285.296,Comedia,34,511,66200
21.103,59.36,0.528,40195.98,114.6,7.95,8.02,7.955,8.03,7.32,525924,NO,138.44,205.776,Terror,55,524,72200
21.0958,59.36,0.528,36751.88,131.6,8.185,8.475,8.175,8.425,7.32,462490,NO,131.36,304.544,Comedia,22,454,56800
21.5006,59.36,0.528,41218.1,145.4,8.345,8.54,8.36,8.555,7.32,497990,SI,213.36,245.344,Terror,23,506,66800
20.9864,59.36,0.528,38046.195,143.8,8.36,8.555,8.345,8.375,8.32,490857,SI,209.28,244.512,Accion,46,470,56400
29.8596,74.8,0.456,36857.425,156,8.215,8.38,8.295,8.475,7.32,539571,NO,143.12,223.648,Terror,31,581,45600
26.988,74.8,0.456,33174.46,150.2,8.3,8.545,8.36,8.59,8.32,491345,SI,202.12,223.248,Comedia,51,568,40600
72.7096,74.8,0.456,27625.015,111.3,8.685,8.86,8.685,8.735,7.32,447032,NO,146.44,222.576,Terror,27,562,32200
35.8082,74.8,0.456,34007.71,126.3,8.555,8.83,8.615,8.725,7.32,501252,SI,164.84,303.536,Terror,46,558,44200
25.2338,74.8,0.456,33457.765,163.9,8.5,8.665,8.425,8.745,7.32,475124,SI,125.76,263.104,Comedia,26,535,38800
25.3876,74.8,0.456,34807.63,156.3,8.31,8.51,8.295,8.36,8.32,474736,SI,176.64,283.456,Comedia,33,543,43200
27.384,74.8,0.456,36479.685,160.8,8.04,8.345,8.1,8.305,7.32,483058,SI,191.52,263.808,Drama,56,544,47600
25.0712,74.8,0.456,31691.275,151.2,7.99,8.1,7.945,8.075,7.32,482381,NO,134.48,242.592,Terror,58,559,32400
26.3654,74.8,0.456,32852.27,156.7,7.9,8.09,7.96,8.055,7.32,387823,NO,145.12,242.848,Terror,43,520,35600
24.9044,74.8,0.456,32119.01,145.2,7.935,8.03,7.83,8.135,8.32,401740,NO,195.92,243.168,Terror,50,471,39600
28.0404,74.8,0.456,35452.01,140.7,8.1,8.325,8.21,8.3,8.32,478332,NO,111.24,203.696,Comedia,53,515,46200
29.5094,74.8,0.456,33957.715,132.3,7.965,8.07,7.88,8.08,7.32,471282,NO,206.4,243.36,Accion,36,542,42000
23.352,69.76,0.507,35696.43,125.8,7.63,7.84,7.615,7.83,8.08,510893,SI,135.52,263.808,Terror,48,554,47600
23.6318,69.76,0.507,35418.68,127.8,7.575,7.81,7.595,7.94,8.08,484440,SI,155.24,283.696,Drama,40,470,46200
27.0228,69.76,0.507,33557.755,123.4,7.535,7.785,7.565,7.67,8.08,491464,NO,178.16,263.264,Comedia,40,457,40800
25.6784,69.76,0.507,31707.94,147.8,7.545,7.7,7.55,7.765,8.08,446743,SI,131.4,302.96,Comedia,25,501,37000
26.8218,69.76,0.507,35635.325,113.6,7.5,7.75,7.49,7.82,7.08,528887,NO,172,304,Terror,52,474,50000
23.8372,69.76,0.507,35724.205,88.2,7.245,7.45,7.215,7.255,8.08,533713,NO,159.84,303.936,Comedia,45,454,49200
26.0694,69.76,0.507,35063.16,102.4,7.265,7.455,7.145,7.3,7.08,509852,SI,141.2,243.68,Terror,36,485,46000
24.8206,69.76,0.507,33791.065,117.2,7.205,7.31,7.26,7.395,8.08,448684,NO,180.88,303.552,Comedia,27,509,44400
21.3234,61.48,0.54,32596.74,99.3,7.29,7.47,7.265,7.54,8.62,483140,SI,199.72,203.088,Drama,35,395,38600
21.3448,61.48,0.54,35179.815,90.7,7.32,7.46,7.275,7.515,8.62,483051,NO,111.04,283.616,Comedia,53,452,45200
20.9088,61.48,0.54,34129.92,105.7,6.99,7.225,7.05,6.985,7.62,465165,NO,187.92,223.168,Terror,26,431,39600
21.0046,67.12,0.5621,31696.83,101.9,6.665,6.72,6.67,6.665,8.62,450203,NO,134.84,282.736,Drama,21,522,34200
20.6932,67.12,0.5621,33502.205,96.8,6.525,6.71,6.6,6.885,8.62,480695,SI,149.76,283.104,Comedia,22,518,38800
21.0166,65.38,0.485,35085.38,111.6,6.62,6.9,6.735,6.83,7.96,536791,NO,182.88,223.552,Comedia,34,499,44400
20.7476,65.38,0.485,35052.05,112,6.74,6.83,6.655,6.855,6.96,505077,SI,150.28,303.312,Accion,53,555,41400
20.7922,65.38,0.485,33535.535,108,6.87,7.15,6.865,7.145,6.96,477685,SI,178.44,283.376,Comedia,57,506,42200
20.6854,65.38,0.485,32602.295,119.8,7.25,7.545,7.25,7.495,6.96,483878,NO,201.8,303.12,Terror,53,447,39000
20.6082,65.38,0.485,32746.725,133.1,7.07,7.255,7.16,7.285,7.96,452920,SI,165.4,242.96,Terror,21,567,37000
20.6612,65.38,0.485,33657.745,110.8,7.545,7.74,7.465,7.625,7.96,466294,SI,162.24,283.296,Terror,26,535,41200
21.0994,65.38,0.485,33246.675,118.9,7.555,7.68,7.475,7.665,6.96,457316,NO,127.6,223.04,Drama,28,477,38000
21.2302,65.38,0.485,33152.24,132,7.47,7.62,7.515,7.77,7.96,459687,SI,129.48,262.992,Comedia,20,534,37400
20.2602,58.04,0.558,40223.755,122.8,6.34,6.52,6.41,6.655,8.9,516919,SI,125.08,265.232,Comedia,48,525,65400
20.4996,58.78,0.482,36329.7,133.2,6.77,6.895,6.705,7.095,7.82,494604,SI,146.6,222.64,Terror,40,566,33000
20.5086,62.56,0.516,37196.28,129.9,6.985,7.19,7.08,7.28,7.48,480187,SI,179.56,303.824,Accion,52,479,47800
20.6098,62.56,0.516,38185.07,101.6,6.645,6.91,6.665,6.85,8.48,534902,NO,212.48,224.992,Terror,23,464,62400
20.6226,63.78,0.558,33407.77,122,5.88,6.045,5.885,6.165,7.24,494404,SI,143,262.8,Drama,26,507,35000
21.2324,63.78,0.558,32763.39,125.8,5.965,6.075,5.835,6.095,7.24,459385,NO,120.88,262.752,Terror,46,441,34400
20.374,63.3,0.571,36196.38,101.2,5.565,5.855,5.71,5.795,8.42,485496,SI,163.24,243.696,Drama,47,385,46200
20.3002,59.02,0.565,36857.425,103.2,5.69,5.91,5.73,5.985,8.6,507911,SI,125.8,263.92,Comedia,45,490,49000
20.5798,57.5,0.571,38546.145,108,5.56,5.73,5.515,5.605,8.06,495540,SI,112.64,224.256,Comedia,30,393,53200
21.2422,57.5,0.571,36051.95,117.9,5.5,5.685,5.445,5.785,8.06,530639,NO,145.16,303.664,Terror,55,389,45800
21.59,58.38,0.589,36546.345,109.4,4.51,4.785,4.575,4.705,7.34,528366,SI,111.64,203.856,Terror,45,363,48200
21.4488,58.38,0.589,32685.62,92,4.585,4.725,4.515,4.75,8.34,500120,SI,147.44,222.976,Terror,50,397,37200
20.3418,59.04,0.59,37374.04,109.6,3.84,4.035,3.84,4.03,8.6,502830,SI,122.04,244.816,Drama,40,474,60200
20.8602,58.82,0.587,31457.965,95.4,4.62,4.815,4.62,4.775,7.6,484954,NO,175.28,242.912,Comedia,34,470,36400
22.1318,58.82,0.587,32974.48,93,4.59,4.75,4.69,4.8,6.6,503151,NO,186.24,263.296,Terror,53,444,41200
199.6592,91.2,0.23,34507.66,170.9,8.92,9.095,8.785,8.955,6.96,399154,NO,119.12,282.848,Comedia,39,773,35600
96.994,91.2,0.23,35524.225,164.5,8.585,8.775,8.69,8.94,7.96,465805,NO,140.68,263.472,Drama,56,756,43400
124.0354,91.2,0.23,34035.485,156.9,8.52,8.8,8.55,8.685,6.96,473168,NO,127.08,303.632,Accion,42,767,45400
105.2262,91.2,0.23,33952.16,154.8,8.61,8.81,8.72,8.845,6.96,437945,NO,,283.616,Drama,26,743,45200
110.8384,91.2,0.23,35540.89,161.5,8.635,8.79,8.655,8.885,6.96,486963,NO,176,204,Comedia,37,673,50000
96.7368,91.2,0.23,34724.305,164.6,8.71,9.01,8.85,8.84,6.96,456314,SI,177.96,263.184,Terror,56,733,39800
93.5644,91.2,0.23,29785.91,169.7,8.865,9.1,8.895,8.93,6.96,450482,NO,160.32,283.328,Drama,52,700,41600
104.4478,91.2,0.23,32235.665,162.5,9.01,9.15,9.015,9.015,7.96,439085,SI,194.72,302.688,Accion,57,803,33600
89.4856,91.2,0.282,48772.9,156.4,9.015,9.145,9.04,8.99,6.96,493047,NO,160.76,243.504,Terror,26,622,43800
111.1174,91.2,0.282,19781.355,161.4,9.185,9.225,9.16,9.205,6.96,527849,SI,161,244.4,Terror,51,680,55000
93.939,91.2,0.282,27569.465,164.9,8.96,9.225,9.07,9.245,7.96,417956,NO,204.76,283.504,Drama,58,757,43800
290.444,91.2,0.369,21458.965,173.5,9.235,9.305,9.23,9.215,7.96,466467,NO,199.24,223.696,Drama,24,559,46200
117.9644,91.2,0.369,27608.35,173.5,9.265,9.445,9.24,9.385,7.96,549584,NO,194,268,Terror,41,624,100000
133.3996,91.2,0.369,37124.065,170.3,9.225,9.36,9.175,9.53,7.96,513408,SI,134,308,Terror,58,675,100000
150.7752,91.2,0.369,38973.88,171,9.3,9.54,9.4,9.36,6.96,523799,SI,202,248,Comedia,46,593,100000
204.646,91.2,0.369,34529.88,173.5,9.31,9.525,9.32,9.505,7.96,454281,SI,196,268,Comedia,25,609,100000
185.345,91.2,0.332,32635.625,163.1,9.435,9.495,9.375,9.44,6.96,464886,SI,216,248,Comedia,57,645,100000
242.162,91.2,0.332,27252.83,173.5,9.26,9.505,9.36,9.525,7.96,237541,SI,137.52,262.208,Comedia,56,611,27600
389.964,91.2,0.332,22986.59,173.5,9.27,9.48,9.425,9.55,6.96,215432,NO,141.52,262.208,Drama,35,712,27600
412.182,91.2,0.329,40623.715,171.4,9.19,9.345,9.195,9.635,7.96,440970,NO,178,302.4,Comedia,45,625,30000
325.76,91.2,0.329,36935.195,166.8,9.175,9.445,9.315,9.375,7.96,362344,SI,189.56,302.224,Comedia,26,705,27800
216.4698,91.2,0.329,37740.67,172.3,9.215,9.465,9.24,9.365,7.96,349344,SI,121.32,282.128,Comedia,22,691,26600
492.964,91.2,0.329,35440.9,169.7,9.24,9.39,9.235,9.365,6.96,359760,SI,185.24,282.096,Drama,54,632,26200
377.334,91.2,0.329,34568.765,173.5,9.26,9.435,9.26,9.27,7.96,353650,NO,158.08,221.632,Accion,46,581,20400
1799.524,91.2,0.329,38707.24,165.4,9.17,9.43,9.155,9.41,6.96,417588,SI,188.16,281.664,Comedia,21,666,20800
337.488,91.2,0.329,36357.475,172.6,9.11,9.35,9.18,9.325,6.96,382857,NO,172.36,201.744,Accion,60,582,21800
203.7404,91.2,0.3,30752.48,173.5,9.05,9.225,9.14,9.43,7.96,362581,SI,164.52,221.808,Terror,46,607,22600
179.8496,91.2,0.3,30663.6,173.5,9.145,9.335,9.14,9.31,7.96,339764,NO,134.92,301.968,Drama,41,702,24600
421.698,91.2,0.3,24264.24,164.7,9.25,9.33,9.26,9.28,7.96,269764,NO,113.52,281.408,Terror,25,626,17600
356.236,91.2,0.3,29313.735,171.6,9.27,9.385,9.19,9.3,6.96,267965,NO,202.88,261.152,Accion,36,600,14400
507.876,91.2,0.3,25841.86,173.5,9.145,9.32,9.14,9.46,7.96,291349,SI,154.2,301.68,Terror,34,597,21000
471.942,91.2,0.3,27775,163,9.105,9.26,9.115,9.48,7.96,276179,NO,166.96,301.184,Accion,54,617,14800
306.674,91.2,0.3,27108.4,173.5,9.115,9.315,9.175,9.215,6.96,278464,NO,122.08,201.632,Drama,25,711,20400
183.0348,91.2,0.3,29941.45,172.4,9,9.25,9.025,9.265,7.96,369811,NO,120.6,241.84,Accion,51,616,23000
159.243,91.2,0.3,31735.715,170.5,8.9,9.145,8.885,9.22,6.96,416162,SI,194.04,222.416,Terror,20,711,30200
125.861,91.2,0.3,33613.305,156,8.915,9.045,8.76,8.94,7.96,412194,SI,193.28,203.712,Terror,53,619,46400
251.558,91.2,0.3,27974.98,170.5,9.01,9.125,9.035,9.29,6.96,317358,NO,109.88,281.552,Comedia,51,686,19400
192.8952,91.2,0.307,34402.115,166.1,9.055,9.17,8.955,9.235,7.96,437541,NO,181.52,282.208,Terror,55,628,27600
287.196,91.2,0.307,32702.285,168.2,9.005,9.23,8.97,9.23,7.96,420044,NO,135.08,302.032,Comedia,40,654,25400
194.335,91.2,0.307,35946.405,172.3,8.98,9.26,9.085,9.225,7.96,424127,NO,115.24,302.096,Accion,29,712,26200
137.441,91.2,0.307,35579.775,169.5,9.115,9.18,9.1,9.255,6.96,390048,SI,109,222,Terror,24,685,25000
173.4404,91.2,0.307,31924.585,172.4,9.135,9.23,9.125,9.24,6.96,384688,NO,185.4,281.36,Comedia,22,663,17000
787.036,91.2,0.307,30291.415,173.5,9.215,9.37,9.105,9.33,6.96,291101,NO,186,260.8,Drama,26,653,10000
218.331,91.2,0.307,32507.86,151.3,9.15,9.38,9.14,9.33,6.96,270691,NO,134.52,281.008,Terror,42,613,12600
520.922,91.2,0.307,33257.785,173.5,9.135,9.31,9.04,9.335,7.96,308973,SI,184.24,220.896,Drama,30,618,11200
304.724,91.2,0.307,35235.365,173.5,9.12,9.33,9.095,9.305,7.96,374897,SI,146.88,201.152,Comedia,50,703,14400
211.9142,91.2,0.307,35574.22,173.5,9.17,9.32,9.115,9.12,7.96,359036,NO,108.84,281.936,Terror,42,689,24200
516.034,91.2,0.307,29713.695,169.5,9.125,9.31,9.06,9.1,6.96,384237,SI,,301.328,Terror,40,677,16600
850.584,91.2,0.307,30724.705,158.9,9.05,9.22,9.185,9.33,7.96,312011,NO,169.4,221.36,Comedia,56,615,17000
1378.416,91.2,0.307,31569.065,173.5,9.235,9.405,9.28,9.23,6.96,342621,SI,146,280.8,Terror,38,654,10000
434.324,91.2,0.341,22986.59,173.5,9.27,9.495,9.3,9.58,6.96,352670,SI,170.76,281.904,Terror,53,620,23800
259.022,91.2,0.341,31152.44,173.5,9.27,9.46,9.305,9.39,7.96,434373,SI,133.16,264.464,Terror,26,672,55800
168.0778,91.2,0.403,31202.435,171.4,9.235,9.325,9.215,9.315,6.96,316479,NO,128.88,242.752,Terror,25,528,34400
308.766,91.2,0.403,38062.86,173.5,9.24,9.36,9.26,9.21,6.96,399184,SI,153,284.4,Drama,57,566,55000
1042.716,91.2,0.403,31980.135,173.5,9.155,9.34,9.21,9.47,6.96,474055,NO,192,222.4,Terror,52,617,30000
301.014,91.2,0.403,36979.635,173.5,9.22,9.295,9.17,9.26,7.96,353054,NO,192.88,282.752,Comedia,44,552,34400
396.22,91.2,0.403,25708.54,173.5,9.115,9.23,9.11,9.435,7.96,233720,NO,167.16,302.864,Comedia,40,587,35800
593.116,91.2,0.403,28636.025,173.5,9.08,9.315,9.195,9.235,7.96,375488,NO,132.52,282.608,Terror,58,559,32600
934.922,91.2,0.307,25103.045,173.5,9.13,9.25,9.05,9.255,7.96,212912,SI,120.8,241.12,Terror,40,693,14000
381.692,91.2,0.321,35740.87,173.5,9.06,9.125,9.08,9.065,6.96,302506,NO,172.88,221.152,Comedia,59,588,14400
236.684,91.2,0.321,37674.01,164.3,9.05,9.23,8.98,9.1,7.96,335532,SI,,201.2,Terror,35,647,15000
538.812,91.2,0.321,29463.72,162.6,9.135,9.305,9.095,9.165,6.96,302776,SI,172.16,301.664,Accion,60,589,20800
1490.682,91.2,0.321,33091.135,173.5,9.02,9.155,9.075,9.15,7.96,383325,NO,169.52,241.408,Comedia,52,680,17600
256.246,91.2,0.282,37907.32,150,8.975,9.105,8.96,9.375,7.96,362317,NO,119.36,261.344,Comedia,26,633,16800
241.748,91.2,0.282,35613.105,173.5,9.035,9.095,9.06,9.095,6.96,431269,SI,120.68,262.672,Accion,48,649,33400
160.4518,91.2,0.282,33363.33,168.8,9.01,9.215,9.06,8.965,7.96,434982,NO,165.68,202.272,Comedia,29,756,28400
260.964,91.2,0.386,31374.64,161.1,8.935,9.03,8.9,9.23,7.96,455145,NO,178.32,223.328,Comedia,36,581,41600
161.0084,91.2,0.386,33902.165,158.6,8.96,9.1,8.83,9.065,7.96,340669,NO,165.36,1622.4,Drama,29,634,26800
195.8424,91.2,0.416,30913.575,144.1,8.87,9.005,8.81,9.185,6.96,398327,NO,156.68,221.872,Comedia,57,638,23400
337.206,91.2,0.321,32752.28,168.9,8.925,9.145,9.015,9.095,7.96,349335,SI,111.32,301.328,Drama,51,674,16600
264.944,91.2,0.416,32424.535,133.2,8.865,9.165,8.905,9.07,6.96,401981,NO,182.08,281.632,Comedia,33,558,20400
773.238,91.2,0.321,34452.11,152.2,8.965,9.17,8.94,9.2,7.96,439565,NO,150.36,221.744,Drama,42,663,21800
167.3422,91.2,0.321,34402.115,151.6,8.94,9.07,9.005,9.11,7.96,356325,SI,170.4,241.76,Terror,45,679,22000
206.7778,91.2,0.321,35440.9,169.1,9.01,9.155,8.935,8.965,7.96,354854,SI,175.8,241.52,Comedia,52,641,19000
189.8426,91.2,0.416,35263.14,159.6,8.86,9.105,8.92,9.005,6.96,416738,NO,181.8,222.32,Terror,53,637,29000
221.246,91.2,0.416,37957.315,167.8,8.95,9.055,8.865,8.955,7.96,388831,SI,133.64,282.256,Drama,29,547,28200
148.881,91.2,0.416,35690.875,148.3,8.8,9.04,8.83,8.93,7.96,458882,SI,174.44,202.576,Comedia,42,538,32200
131.6214,91.2,0.287,35751.98,161.4,8.83,8.885,8.8,8.85,7.96,418275,NO,123.72,202.288,Accion,46,615,28600
298.268,91.2,0.287,34485.44,168.5,8.78,8.955,8.845,8.975,7.96,420282,NO,156.68,221.872,Comedia,37,749,23400
243.208,91.2,0.26,36824.095,168.1,8.925,9.015,8.93,8.88,7.96,338798,NO,203.36,242.144,Accion,46,769,26800
308.416,91.2,0.26,35890.855,166.8,8.84,9.09,8.945,9.125,6.96,404986,SI,121.84,201.536,Terror,57,702,19200
323.544,91.2,0.26,34174.36,173.5,8.995,9.07,9.015,9.095,6.96,321678,NO,197.28,221.312,Comedia,60,674,16400
293.562,91.2,0.26,32968.925,161.4,9.075,9.195,9.065,9.025,6.96,257073,SI,191.36,281.344,Comedia,57,712,16800
207.8126,91.2,0.26,31257.985,167.4,9.065,9.14,8.995,9.165,6.96,334563,SI,169.12,302.048,Comedia,50,731,25600
461.022,91.2,0.26,32318.99,165.9,8.985,9.17,9.02,9.095,7.96,360183,NO,,241.68,Comedia,38,753,21000
214.4836,91.2,0.26,35585.33,170.7,8.835,9.015,8.92,9.095,6.96,373307,SI,184.84,302.736,Accion,58,775,34200
133.3274,91.2,0.26,34546.545,173.5,8.96,9.015,8.985,9.03,7.96,393382,NO,141.92,282.368,Terror,54,772,29600
219.3308,91.2,0.26,36024.175,173.5,8.855,9.1,8.9,9.19,6.96,387633,NO,132.16,282.464,Terror,21,670,30800
276.046,91.2,0.26,32518.97,170.1,9.035,9.105,8.965,9.1,7.96,346747,NO,110.32,241.728,Accion,34,654,21600
233.436,91.2,0.26,35879.745,168.3,8.9,9.15,8.995,8.98,6.96,342695,SI,106.72,241.888,Terror,28,762,23600
145.7614,91.2,0.26,35224.255,169.9,8.885,8.98,8.89,9.105,7.96,401882,NO,203.96,302.384,Comedia,41,707,29800
218.497,91.2,0.26,34724.305,170.1,8.745,8.995,8.885,8.98,7.96,397006,SI,195.04,222.016,Comedia,37,650,25200
206.5818,91.2,0.287,34357.675,172.2,8.785,8.9,8.815,8.98,6.96,416481,SI,181.64,262.256,Comedia,52,680,28200
170.5202,91.2,0.287,35646.435,171.8,8.75,8.945,8.905,9.03,6.96,400065,SI,161.2,242.08,Comedia,27,735,26000
154.3544,91.2,0.287,37490.695,166.1,8.8,8.945,8.815,8.8,7.96,401512,SI,181.36,262.144,Drama,59,614,26800
128.8228,91.2,0.287,36968.525,171.7,8.745,8.885,8.675,8.985,6.96,390279,SI,162.08,222.432,Comedia,41,614,30400
121.8034,91.2,0.287,34979.835,165.3,8.76,8.87,8.815,8.82,7.96,411619,NO,134.44,302.576,Comedia,21,646,32200
184.9618,91.2,0.287,41068.115,172.8,8.615,8.845,8.68,8.955,6.96,407077,SI,119.12,222.848,Terror,42,692,35600
210.2726,91.2,0.287,37374.04,167.6,8.75,8.9,8.625,8.73,6.96,402950,NO,117.76,282.304,Terror,34,661,28800
115.0474,91.2,0.287,36246.375,160,8.695,8.79,8.63,9.015,6.96,408819,NO,155.64,282.256,Terror,36,620,28200
113.3766,91.2,0.287,33196.68,161.4,8.675,8.85,8.61,8.705,6.96,369607,NO,143.08,302.032,Terror,31,638,25400
184.0116,91.2,0.287,32974.48,153.8,8.57,8.755,8.595,8.52,7.96,402267,NO,177.4,262.16,Comedia,46,749,27000
175.0446,91.2,0.287,35002.055,157.2,8.45,8.715,8.59,8.675,7.96,425095,NO,111.96,302.384,Terror,39,650,29800
156.0234,91.2,0.287,33779.955,157.9,8.63,8.76,8.6,8.575,7.96,438369,SI,108,283.2,Drama,27,727,40000
116.2426,91.2,0.287,37224.055,163.5,8.55,8.81,8.685,8.76,7.96,401242,SI,188.56,242.624,Terror,29,609,32800
93.8622,91.2,0.287,35418.68,161.9,8.59,8.885,8.705,8.69,7.96,416540,SI,197.08,262.832,Comedia,24,630,35400
153.0984,91.2,0.287,35090.935,156.5,8.48,8.785,8.6,8.665,7.96,455177,NO,117.8,303.12,Terror,22,708,39000
136.423,91.2,0.287,36179.715,163.4,8.47,8.695,8.58,8.65,6.96,474433,SI,176.08,303.232,Comedia,30,752,40400
176.7864,91.2,0.345,34490.995,138.9,8.42,8.56,8.45,8.64,7.96,456948,NO,156.56,223.424,Accion,55,577,42800
83.272,91.2,0.345,31991.245,121.7,8.37,8.595,8.365,8.54,6.96,431316,NO,199.96,243.184,Comedia,43,660,39800
95.4996,91.2,0.345,33063.36,158.2,8.435,8.73,8.46,8.63,7.96,389121,SI,167.6,203.04,Comedia,21,572,38000
108.4456,91.2,0.416,33346.665,168,8.68,8.895,8.575,8.77,7.96,354464,NO,189.64,263.056,Accion,21,506,38200
331.514,91.2,0.42,32918.93,144.5,8.52,8.55,8.44,8.67,6.96,383739,NO,117.64,303.056,Comedia,28,494,38200
281.502,91.2,0.42,31735.715,130.2,8.49,8.705,8.44,8.715,6.96,437878,NO,126.04,263.216,Comedia,27,512,40200
106.9758,91.2,0.42,34257.685,157.5,8.39,8.515,8.47,8.555,7.96,399291,NO,111.96,243.184,Terror,36,638,39800
100.7682,91.2,0.468,34602.095,164.2,8.36,8.605,8.415,8.425,6.96,455983,SI,173.84,263.136,Accion,52,475,39200
91.3736,91.2,0.42,35757.535,148.5,8.48,8.685,8.495,8.55,7.96,421532,SI,169.28,303.712,Accion,39,635,46400
112.9378,91.2,0.386,38773.9,141.1,8.615,8.825,8.73,8.765,6.96,469624,SI,147.92,304.768,Accion,56,630,59600
181.1158,91.2,0.416,30146.985,168.9,8.695,8.835,8.72,8.895,7.96,418266,NO,181.52,222.208,Accion,47,498,27600
147.8624,91.2,0.416,34229.91,170.9,8.75,8.915,8.75,9.175,7.96,348948,SI,181.32,222.128,Drama,27,631,26600
117.4282,91.2,0.386,36018.62,167.1,8.71,8.85,8.76,9.075,7.96,373575,SI,122.68,282.672,Terror,22,567,33400
320.468,91.2,0.386,29463.72,170.8,8.86,9.005,8.795,9.135,6.96,340338,NO,186.8,301.92,Drama,39,620,24000
224.66,91.2,0.386,34357.675,170.2,8.855,9.01,8.82,8.975,7.96,382809,SI,105.84,302.336,Drama,60,653,29200
306.674,91.2,0.386,34602.095,161.5,8.865,9.09,8.96,9.185,6.96,457225,NO,122.56,203.424,Terror,32,632,42800
136.4802,91.2,0.468,34674.31,138.2,8.26,8.31,8.14,8.445,6.96,471764,NO,171.2,263.68,Terror,22,461,46000
134.1636,91.2,0.468,37496.25,148.4,8.28,8.37,8.31,8.38,7.96,488266,NO,139.48,303.792,Comedia,46,470,47400
134.6232,91.2,0.468,39223.855,150.5,8.165,8.335,8.27,8.41,6.96,517077,NO,110,224,Drama,29,584,50000
76.3676,91.2,0.468,32007.91,113.8,7.795,8.055,7.875,8.075,7.96,481869,NO,192.72,283.488,Accion,57,483,43600
67.5714,91.2,0.417,32613.405,115.4,8.035,8.22,8.115,8.185,7.96,438045,SI,162.24,243.296,Drama,31,609,41200
93.4734,91.2,0.417,35063.16,125.4,7.985,8.075,7.965,7.995,7.96,465487,NO,180.48,263.392,Accion,51,500,42400
133.835,91.2,0.417,33963.27,153.3,8.225,8.33,8.12,8.235,6.96,435929,SI,171.64,243.056,Comedia,57,596,38200
116.7134,91.2,0.417,32802.275,126.7,8.32,8.575,8.42,8.385,6.96,451515,NO,168.24,223.296,Comedia,44,621,41200
23.0172,110.48,0.391,30296.97,166.2,8.95,9.215,9.02,9.175,7.98,411264,NO,120.08,282.432,Comedia,28,605,30400
23.6674,110.48,0.391,30074.77,171.8,8.96,9.235,9.03,9.26,6.98,351221,NO,196.8,301.12,Comedia,29,659,14000
24.1492,110.48,0.391,28291.615,171.5,9.015,9.2,9.025,9.115,7.98,286130,SI,183.24,201.296,Accion,49,628,16200
22.1148,110.48,0.391,33235.565,172.3,9.02,9.155,8.97,9.12,6.98,382738,NO,141.44,282.176,Comedia,47,563,27200
22.2264,110.48,0.391,33235.565,157,8.875,9.09,8.94,8.88,6.98,434825,SI,178.04,263.216,Terror,57,623,40200
23.4662,74.38,0.415,31702.385,127.5,8.65,8.865,8.79,8.93,8.16,441556,SI,118.72,283.488,Terror,31,581,43600
25.5914,74.38,0.415,32918.93,116.1,8.725,8.93,8.805,8.78,7.16,462430,SI,175.8,223.92,Terror,47,546,49000
23.5798,74.38,0.415,31496.85,102.3,8.46,8.755,8.465,8.72,8.16,394787,NO,169.24,283.696,Accion,55,556,46200
25.792,74.38,0.415,29941.45,146.4,8.57,8.695,8.51,8.63,7.16,380129,NO,,243.152,Terror,44,611,39400
25.3676,74.38,0.415,32185.67,144.1,8.48,8.705,8.47,8.56,7.16,426044,SI,107.32,282.928,Drama,55,580,36600
24.7824,74.38,0.415,33435.545,138.8,8.66,8.875,8.71,8.94,7.16,450933,SI,116.48,283.392,Terror,32,546,42400
23.5566,74.38,0.415,30935.795,147,8.77,8.805,8.755,8.87,7.16,414921,NO,197,282.8,Drama,47,635,35000
24.4876,74.38,0.415,33479.985,153.2,8.68,8.765,8.59,8.97,7.16,442908,NO,124.72,282.688,Drama,54,525,33600
21.2526,78.86,0.427,36624.115,142.6,8.68,8.775,8.62,8.97,6.8,492480,NO,186.96,243.584,Accion,27,561,44800
20.9054,78.86,0.427,33996.6,150.2,8.78,8.945,8.77,8.93,7.8,482875,SI,132.24,263.296,Accion,20,600,41200
21.2152,78.86,0.427,38751.68,164.5,8.83,8.97,8.855,9.01,7.8,532239,NO,109.56,243.824,Comedia,31,576,47800
22.1918,78.86,0.427,37740.67,162.8,8.73,8.845,8.8,8.845,6.8,496077,SI,158.8,303.52,Comedia,47,607,44000
20.9482,78.86,0.427,33496.65,154.3,8.64,8.88,8.68,8.79,6.8,518438,SI,205.6,203.04,Comedia,45,604,38000
